source_pkg,source_pkg_go_version,source_pkg_origin,source_func,source_func_name,source_func_signature,target_pkg,target_pkg_go_version,target_pkg_origin,target_func,target_func_name,target_func_signature
github.com/picatz/taint/callgraphutil,go1.21,github.com,github.com/picatz/taint/callgraphutil.checkBlockInstruction,checkBlockInstruction,"func(root *golang.org/x/tools/go/ssa.Function, allFns map[*golang.org/x/tools/go/ssa.Function]bool, g *golang.org/x/tools/go/callgraph.Graph, fn *golang.org/x/tools/go/ssa.Function, instr golang.org/x/tools/go/ssa.Instruction) error",golang.org/x/tools/go/ssa,go1.18,golang.org,(*golang.org/x/tools/go/ssa.register).Type,Type,func() go/types.Type
github.com/picatz/taint/callgraphutil,go1.21,github.com,github.com/picatz/taint/callgraphutil.checkBlockInstruction,checkBlockInstruction,"func(root *golang.org/x/tools/go/ssa.Function, allFns map[*golang.org/x/tools/go/ssa.Function]bool, g *golang.org/x/tools/go/callgraph.Graph, fn *golang.org/x/tools/go/ssa.Function, instr golang.org/x/tools/go/ssa.Instruction) error",go/types,go1.24.4,stdlib,(*go/types.Interface).NumMethods,NumMethods,func() int
github.com/picatz/taint/callgraphutil,go1.21,github.com,github.com/picatz/taint/callgraphutil.checkBlockInstruction,checkBlockInstruction,"func(root *golang.org/x/tools/go/ssa.Function, allFns map[*golang.org/x/tools/go/ssa.Function]bool, g *golang.org/x/tools/go/callgraph.Graph, fn *golang.org/x/tools/go/ssa.Function, instr golang.org/x/tools/go/ssa.Instruction) error",go/types,go1.24.4,stdlib,(*go/types.Interface).Method,Method,func(i int) *go/types.Func
github.com/picatz/taint/callgraphutil,go1.21,github.com,github.com/picatz/taint/callgraphutil.checkBlockInstruction,checkBlockInstruction,"func(root *golang.org/x/tools/go/ssa.Function, allFns map[*golang.org/x/tools/go/ssa.Function]bool, g *golang.org/x/tools/go/callgraph.Graph, fn *golang.org/x/tools/go/ssa.Function, instr golang.org/x/tools/go/ssa.Instruction) error",go/types,go1.24.4,stdlib,(*go/types.Func).Pkg,Pkg,func() *go/types.Package
github.com/picatz/taint/callgraphutil,go1.21,github.com,github.com/picatz/taint/callgraphutil.checkBlockInstruction,checkBlockInstruction,"func(root *golang.org/x/tools/go/ssa.Function, allFns map[*golang.org/x/tools/go/ssa.Function]bool, g *golang.org/x/tools/go/callgraph.Graph, fn *golang.org/x/tools/go/ssa.Function, instr golang.org/x/tools/go/ssa.Instruction) error",go/types,go1.24.4,stdlib,(*go/types.Package).Path,Path,func() string
github.com/picatz/taint/callgraphutil,go1.21,github.com,github.com/picatz/taint/callgraphutil.checkBlockInstruction,checkBlockInstruction,"func(root *golang.org/x/tools/go/ssa.Function, allFns map[*golang.org/x/tools/go/ssa.Function]bool, g *golang.org/x/tools/go/callgraph.Graph, fn *golang.org/x/tools/go/ssa.Function, instr golang.org/x/tools/go/ssa.Instruction) error",golang.org/x/tools/go/ssa,go1.18,golang.org,(*golang.org/x/tools/go/ssa.Program).ImportedPackage,ImportedPackage,func(path string) *golang.org/x/tools/go/ssa.Package
github.com/picatz/taint/callgraphutil,go1.21,github.com,github.com/picatz/taint/callgraphutil.checkBlockInstruction,checkBlockInstruction,"func(root *golang.org/x/tools/go/ssa.Function, allFns map[*golang.org/x/tools/go/ssa.Function]bool, g *golang.org/x/tools/go/callgraph.Graph, fn *golang.org/x/tools/go/ssa.Function, instr golang.org/x/tools/go/ssa.Instruction) error",go/types,go1.24.4,stdlib,(*go/types.object).Name,Name,func() string
github.com/picatz/taint/callgraphutil,go1.21,github.com,github.com/picatz/taint/callgraphutil.checkBlockInstruction,checkBlockInstruction,"func(root *golang.org/x/tools/go/ssa.Function, allFns map[*golang.org/x/tools/go/ssa.Function]bool, g *golang.org/x/tools/go/callgraph.Graph, fn *golang.org/x/tools/go/ssa.Function, instr golang.org/x/tools/go/ssa.Instruction) error",golang.org/x/tools/go/ssa,go1.18,golang.org,(*golang.org/x/tools/go/ssa.Package).Func,Func,func(name string) (f *golang.org/x/tools/go/ssa.Function)
github.com/picatz/taint/callgraphutil,go1.21,github.com,github.com/picatz/taint/callgraphutil.checkBlockInstruction,checkBlockInstruction,"func(root *golang.org/x/tools/go/ssa.Function, allFns map[*golang.org/x/tools/go/ssa.Function]bool, g *golang.org/x/tools/go/callgraph.Graph, fn *golang.org/x/tools/go/ssa.Function, instr golang.org/x/tools/go/ssa.Instruction) error",go/types,go1.24.4,stdlib,(*go/types.object).Type,Type,func() go/types.Type
github.com/picatz/taint/callgraphutil,go1.21,github.com,github.com/picatz/taint/callgraphutil.checkBlockInstruction,checkBlockInstruction,"func(root *golang.org/x/tools/go/ssa.Function, allFns map[*golang.org/x/tools/go/ssa.Function]bool, g *golang.org/x/tools/go/callgraph.Graph, fn *golang.org/x/tools/go/ssa.Function, instr golang.org/x/tools/go/ssa.Instruction) error",golang.org/x/tools/go/ssa,go1.18,golang.org,(*golang.org/x/tools/go/ssa.Program).NewFunction,NewFunction,"func(name string, sig *go/types.Signature, provenance string) *golang.org/x/tools/go/ssa.Function"
github.com/picatz/taint/callgraphutil,go1.21,github.com,github.com/picatz/taint/callgraphutil.checkBlockInstruction,checkBlockInstruction,"func(root *golang.org/x/tools/go/ssa.Function, allFns map[*golang.org/x/tools/go/ssa.Function]bool, g *golang.org/x/tools/go/callgraph.Graph, fn *golang.org/x/tools/go/ssa.Function, instr golang.org/x/tools/go/ssa.Instruction) error",golang.org/x/tools/go/callgraph,go1.18,golang.org,(*golang.org/x/tools/go/callgraph.Graph).CreateNode,CreateNode,func(fn *golang.org/x/tools/go/ssa.Function) *golang.org/x/tools/go/callgraph.Node
github.com/picatz/taint/callgraphutil,go1.21,github.com,github.com/picatz/taint/callgraphutil.checkBlockInstruction,checkBlockInstruction,"func(root *golang.org/x/tools/go/ssa.Function, allFns map[*golang.org/x/tools/go/ssa.Function]bool, g *golang.org/x/tools/go/callgraph.Graph, fn *golang.org/x/tools/go/ssa.Function, instr golang.org/x/tools/go/ssa.Instruction) error",golang.org/x/tools/go/callgraph,go1.18,golang.org,golang.org/x/tools/go/callgraph.AddEdge,AddEdge,"func(caller *golang.org/x/tools/go/callgraph.Node, site golang.org/x/tools/go/ssa.CallInstruction, callee *golang.org/x/tools/go/callgraph.Node)"
github.com/picatz/taint/callgraphutil,go1.21,github.com,github.com/picatz/taint/callgraphutil.checkBlockInstruction,checkBlockInstruction,"func(root *golang.org/x/tools/go/ssa.Function, allFns map[*golang.org/x/tools/go/ssa.Function]bool, g *golang.org/x/tools/go/callgraph.Graph, fn *golang.org/x/tools/go/ssa.Function, instr golang.org/x/tools/go/ssa.Instruction) error",go/types,go1.24.4,stdlib,(*go/types.Named).Obj,Obj,func() *go/types.TypeName
github.com/picatz/taint/callgraphutil,go1.21,github.com,github.com/picatz/taint/callgraphutil.checkBlockInstruction,checkBlockInstruction,"func(root *golang.org/x/tools/go/ssa.Function, allFns map[*golang.org/x/tools/go/ssa.Function]bool, g *golang.org/x/tools/go/callgraph.Graph, fn *golang.org/x/tools/go/ssa.Function, instr golang.org/x/tools/go/ssa.Instruction) error",go/types,go1.24.4,stdlib,(*go/types.object).Pkg,Pkg,func() *go/types.Package
github.com/picatz/taint/callgraphutil,go1.21,github.com,github.com/picatz/taint/callgraphutil.checkBlockInstruction,checkBlockInstruction,"func(root *golang.org/x/tools/go/ssa.Function, allFns map[*golang.org/x/tools/go/ssa.Function]bool, g *golang.org/x/tools/go/callgraph.Graph, fn *golang.org/x/tools/go/ssa.Function, instr golang.org/x/tools/go/ssa.Instruction) error",golang.org/x/tools/go/types/typeutil,go1.18,golang.org,(*golang.org/x/tools/go/types/typeutil.MethodSetCache).MethodSet,MethodSet,func(T go/types.Type) *go/types.MethodSet
github.com/picatz/taint/callgraphutil,go1.21,github.com,github.com/picatz/taint/callgraphutil.checkBlockInstruction,checkBlockInstruction,"func(root *golang.org/x/tools/go/ssa.Function, allFns map[*golang.org/x/tools/go/ssa.Function]bool, g *golang.org/x/tools/go/callgraph.Graph, fn *golang.org/x/tools/go/ssa.Function, instr golang.org/x/tools/go/ssa.Instruction) error",go/types,go1.24.4,stdlib,(*go/types.MethodSet).Lookup,Lookup,"func(pkg *go/types.Package, name string) *go/types.Selection"
github.com/picatz/taint/callgraphutil,go1.21,github.com,github.com/picatz/taint/callgraphutil.checkBlockInstruction,checkBlockInstruction,"func(root *golang.org/x/tools/go/ssa.Function, allFns map[*golang.org/x/tools/go/ssa.Function]bool, g *golang.org/x/tools/go/callgraph.Graph, fn *golang.org/x/tools/go/ssa.Function, instr golang.org/x/tools/go/ssa.Instruction) error",go/types,go1.24.4,stdlib,(*go/types.Selection).Type,Type,func() go/types.Type
github.com/picatz/taint/callgraphutil,go1.21,github.com,github.com/picatz/taint/callgraphutil.checkBlockInstruction,checkBlockInstruction,"func(root *golang.org/x/tools/go/ssa.Function, allFns map[*golang.org/x/tools/go/ssa.Function]bool, g *golang.org/x/tools/go/callgraph.Graph, fn *golang.org/x/tools/go/ssa.Function, instr golang.org/x/tools/go/ssa.Instruction) error",github.com/picatz/taint/callgraphutil,go1.21,github.com,github.com/picatz/taint/callgraphutil.AddFunction,AddFunction,"func(cg *golang.org/x/tools/go/callgraph.Graph, target *golang.org/x/tools/go/ssa.Function, allFns map[*golang.org/x/tools/go/ssa.Function]bool) error"
github.com/picatz/taint/callgraphutil,go1.21,github.com,github.com/picatz/taint/callgraphutil.checkBlockInstruction,checkBlockInstruction,"func(root *golang.org/x/tools/go/ssa.Function, allFns map[*golang.org/x/tools/go/ssa.Function]bool, g *golang.org/x/tools/go/callgraph.Graph, fn *golang.org/x/tools/go/ssa.Function, instr golang.org/x/tools/go/ssa.Instruction) error",fmt,go1.24.4,stdlib,fmt.Errorf,Errorf,"func(format string, a ...any) error"
github.com/picatz/taint/callgraphutil,go1.21,github.com,github.com/picatz/taint/callgraphutil.checkBlockInstruction,checkBlockInstruction,"func(root *golang.org/x/tools/go/ssa.Function, allFns map[*golang.org/x/tools/go/ssa.Function]bool, g *golang.org/x/tools/go/callgraph.Graph, fn *golang.org/x/tools/go/ssa.Function, instr golang.org/x/tools/go/ssa.Instruction) error",golang.org/x/tools/go/ssa,go1.18,golang.org,(*golang.org/x/tools/go/ssa.CallCommon).IsInvoke,IsInvoke,func() bool
github.com/picatz/taint/callgraphutil,go1.21,github.com,github.com/picatz/taint/callgraphutil.checkBlockInstruction,checkBlockInstruction,"func(root *golang.org/x/tools/go/ssa.Function, allFns map[*golang.org/x/tools/go/ssa.Function]bool, g *golang.org/x/tools/go/callgraph.Graph, fn *golang.org/x/tools/go/ssa.Function, instr golang.org/x/tools/go/ssa.Instruction) error",golang.org/x/tools/go/ssa,go1.18,golang.org,(*golang.org/x/tools/go/ssa.CallCommon).Signature,Signature,func() *go/types.Signature
github.com/picatz/taint/cmd/taint,go1.21,github.com,github.com/picatz/taint/cmd/taint.highlightNode,highlightNode,func(node string) string,strings,go1.24.4,stdlib,strings.Split,Split,"func(s string, sep string) []string"
github.com/picatz/taint/cmd/taint,go1.21,github.com,github.com/picatz/taint/cmd/taint.highlightNode,highlightNode,func(node string) string,github.com/charmbracelet/lipgloss,go1.17,github.com,(github.com/charmbracelet/lipgloss.Style).Render,Render,func(strs ...string) string
github.com/picatz/taint/cmd/taint,go1.21,github.com,github.com/picatz/taint/cmd/taint.highlightNode,highlightNode,func(node string) string,strings,go1.24.4,stdlib,strings.Join,Join,"func(elems []string, sep string) string"
github.com/picatz/taint/cmd/taint/example,go1.21,github.com,github.com/picatz/taint/cmd/taint/example.main,main,func(),database/sql,go1.24.4,stdlib,database/sql.Open,Open,"func(driverName string, dataSourceName string) (*database/sql.DB, error)"
github.com/picatz/taint/cmd/taint/example,go1.21,github.com,github.com/picatz/taint/cmd/taint/example.main,main,func(),net/http,go1.24.4,stdlib,net/http.NewServeMux,NewServeMux,func() *net/http.ServeMux
github.com/picatz/taint/cmd/taint/example,go1.21,github.com,github.com/picatz/taint/cmd/taint/example.main,main,func(),net/http,go1.24.4,stdlib,(*net/http.ServeMux).HandleFunc,HandleFunc,"func(pattern string, handler func(net/http.ResponseWriter, *net/http.Request))"
github.com/picatz/taint/cmd/taint/example,go1.21,github.com,github.com/picatz/taint/cmd/taint/example.main,main,func(),net/http,go1.24.4,stdlib,net/http.ListenAndServe,ListenAndServe,"func(addr string, handler net/http.Handler) error"
github.com/picatz/taint/callgraphutil,go1.21,github.com,github.com/picatz/taint/callgraphutil.PathSearchCallTo,PathSearchCallTo,"func(start *golang.org/x/tools/go/callgraph.Node, fn string) github.com/picatz/taint/callgraphutil.Path",github.com/picatz/taint/callgraphutil,go1.21,github.com,github.com/picatz/taint/callgraphutil.PathSearch,PathSearch,"func(start *golang.org/x/tools/go/callgraph.Node, isMatch func(*golang.org/x/tools/go/callgraph.Node) bool) github.com/picatz/taint/callgraphutil.Path"
github.com/picatz/taint/callgraphutil,go1.21,github.com,github.com/picatz/taint/callgraphutil.getNodeInfo,getNodeInfo,"func(n *golang.org/x/tools/go/callgraph.Node) (*github.com/picatz/taint/callgraphutil.nodeInfo, error)",runtime,go1.24.4,stdlib,runtime.Version,Version,func() string
github.com/picatz/taint/callgraphutil,go1.21,github.com,github.com/picatz/taint/callgraphutil.getNodeInfo,getNodeInfo,"func(n *golang.org/x/tools/go/callgraph.Node) (*github.com/picatz/taint/callgraphutil.nodeInfo, error)",golang.org/x/tools/go/ssa,go1.18,golang.org,(*golang.org/x/tools/go/ssa.Function).String,String,func() string
github.com/picatz/taint/callgraphutil,go1.21,github.com,github.com/picatz/taint/callgraphutil.getNodeInfo,getNodeInfo,"func(n *golang.org/x/tools/go/callgraph.Node) (*github.com/picatz/taint/callgraphutil.nodeInfo, error)",golang.org/x/tools/go/ssa,go1.18,golang.org,(*golang.org/x/tools/go/ssa.Function).Name,Name,func() string
github.com/picatz/taint/callgraphutil,go1.21,github.com,github.com/picatz/taint/callgraphutil.getNodeInfo,getNodeInfo,"func(n *golang.org/x/tools/go/callgraph.Node) (*github.com/picatz/taint/callgraphutil.nodeInfo, error)",go/types,go1.24.4,stdlib,(*go/types.Signature).String,String,func() string
github.com/picatz/taint/callgraphutil,go1.21,github.com,github.com/picatz/taint/callgraphutil.getNodeInfo,getNodeInfo,"func(n *golang.org/x/tools/go/callgraph.Node) (*github.com/picatz/taint/callgraphutil.nodeInfo, error)",go/types,go1.24.4,stdlib,(*go/types.Package).Path,Path,func() string
github.com/picatz/taint/callgraphutil,go1.21,github.com,github.com/picatz/taint/callgraphutil.getNodeInfo,getNodeInfo,"func(n *golang.org/x/tools/go/callgraph.Node) (*github.com/picatz/taint/callgraphutil.nodeInfo, error)",go/types,go1.24.4,stdlib,(*go/types.Package).GoVersion,GoVersion,func() string
github.com/picatz/taint/callgraphutil,go1.21,github.com,github.com/picatz/taint/callgraphutil.getNodeInfo,getNodeInfo,"func(n *golang.org/x/tools/go/callgraph.Node) (*github.com/picatz/taint/callgraphutil.nodeInfo, error)",strings,go1.24.4,stdlib,strings.Contains,Contains,"func(s string, substr string) bool"
github.com/picatz/taint/callgraphutil,go1.21,github.com,github.com/picatz/taint/callgraphutil.getNodeInfo,getNodeInfo,"func(n *golang.org/x/tools/go/callgraph.Node) (*github.com/picatz/taint/callgraphutil.nodeInfo, error)",strings,go1.24.4,stdlib,strings.Split,Split,"func(s string, sep string) []string"
github.com/picatz/taint/callgraphutil,go1.21,github.com,github.com/picatz/taint/callgraphutil.WriteDOT$1,WriteDOT$1,func(n *golang.org/x/tools/go/callgraph.Node),go/types,go1.24.4,stdlib,(*go/types.Package).Path,Path,func() string
github.com/picatz/taint/log/injection,go1.21,github.com,github.com/picatz/taint/log/injection.run,run,"func(pass *golang.org/x/tools/go/analysis.Pass) (interface{}, error)",github.com/picatz/taint/callgraphutil,go1.21,github.com,github.com/picatz/taint/callgraphutil.NewGraph,NewGraph,"func(root *golang.org/x/tools/go/ssa.Function, srcFns ...*golang.org/x/tools/go/ssa.Function) (*golang.org/x/tools/go/callgraph.Graph, error)"
github.com/picatz/taint/log/injection,go1.21,github.com,github.com/picatz/taint/log/injection.run,run,"func(pass *golang.org/x/tools/go/analysis.Pass) (interface{}, error)",github.com/picatz/taint,go1.21,github.com,github.com/picatz/taint.Check,Check,"func(cg *golang.org/x/tools/go/callgraph.Graph, sources github.com/picatz/taint.stringSet, sinks github.com/picatz/taint.stringSet) github.com/picatz/taint.Results"
github.com/picatz/taint/log/injection,go1.21,github.com,github.com/picatz/taint/log/injection.run,run,"func(pass *golang.org/x/tools/go/analysis.Pass) (interface{}, error)",github.com/picatz/taint/log/injection,go1.21,github.com,github.com/picatz/taint/log/injection.imports,imports,"func(pass *golang.org/x/tools/go/analysis.Pass, pkgs ...string) bool"
github.com/picatz/taint/log/injection,go1.21,github.com,github.com/picatz/taint/log/injection.run,run,"func(pass *golang.org/x/tools/go/analysis.Pass) (interface{}, error)",golang.org/x/tools/go/ssa,go1.18,golang.org,(*golang.org/x/tools/go/ssa.Package).Func,Func,func(name string) (f *golang.org/x/tools/go/ssa.Function)
github.com/picatz/taint/log/injection,go1.21,github.com,github.com/picatz/taint/log/injection.run,run,"func(pass *golang.org/x/tools/go/analysis.Pass) (interface{}, error)",fmt,go1.24.4,stdlib,fmt.Errorf,Errorf,"func(format string, a ...any) error"
github.com/picatz/taint/log/injection,go1.21,github.com,github.com/picatz/taint/log/injection.run,run,"func(pass *golang.org/x/tools/go/analysis.Pass) (interface{}, error)",golang.org/x/tools/go/analysis,go1.18,golang.org,(*golang.org/x/tools/go/analysis.Pass).Reportf,Reportf,"func(pos go/token.Pos, format string, args ...interface{})"
github.com/picatz/taint/cmd/taint,go1.21,github.com,github.com/picatz/taint/cmd/taint.init$2,init$2,"func(ctx context.Context, bt *bufio.Writer, args []string, flags map[string]string) error",github.com/picatz/taint/callgraphutil,go1.21,github.com,github.com/picatz/taint/callgraphutil.NewGraph,NewGraph,"func(root *golang.org/x/tools/go/ssa.Function, srcFns ...*golang.org/x/tools/go/ssa.Function) (*golang.org/x/tools/go/callgraph.Graph, error)"
github.com/picatz/taint/cmd/taint,go1.21,github.com,github.com/picatz/taint/cmd/taint.init$2,init$2,"func(ctx context.Context, bt *bufio.Writer, args []string, flags map[string]string) error",github.com/picatz/taint/cmd/taint,go1.21,github.com,github.com/picatz/taint/cmd/taint.cloneRepository,cloneRepository,"func(ctx context.Context, repoURL string) (string, string, error)"
github.com/picatz/taint/callgraphutil,go1.21,github.com,github.com/picatz/taint/callgraphutil.PathsSearch,PathsSearch,"func(start *golang.org/x/tools/go/callgraph.Node, isMatch func(*golang.org/x/tools/go/callgraph.Node) bool) github.com/picatz/taint/callgraphutil.Paths",github.com/picatz/taint/callgraphutil,go1.21,github.com,github.com/picatz/taint/callgraphutil.PathsSearchCallTo$1,PathsSearchCallTo$1,func(n *golang.org/x/tools/go/callgraph.Node) bool
github.com/picatz/taint/callgraphutil,go1.21,github.com,github.com/picatz/taint/callgraphutil.PathsSearch,PathsSearch,"func(start *golang.org/x/tools/go/callgraph.Node, isMatch func(*golang.org/x/tools/go/callgraph.Node) bool) github.com/picatz/taint/callgraphutil.Paths",github.com/picatz/taint/callgraphutil,go1.21,github.com,github.com/picatz/taint/callgraphutil.InstructionsFor$1,InstructionsFor$1,func(n *golang.org/x/tools/go/callgraph.Node) bool
github.com/picatz/taint/callgraphutil,go1.21,github.com,github.com/picatz/taint/callgraphutil.InstructionsFor,InstructionsFor,"func(root *golang.org/x/tools/go/callgraph.Node, v golang.org/x/tools/go/ssa.Value) (si golang.org/x/tools/go/ssa.Instruction)",github.com/picatz/taint/callgraphutil,go1.21,github.com,github.com/picatz/taint/callgraphutil.PathsSearch,PathsSearch,"func(start *golang.org/x/tools/go/callgraph.Node, isMatch func(*golang.org/x/tools/go/callgraph.Node) bool) github.com/picatz/taint/callgraphutil.Paths"
github.com/picatz/taint/callgraphutil,go1.21,github.com,github.com/picatz/taint/callgraphutil.PathSearchCallTo$1,PathSearchCallTo$1,func(n *golang.org/x/tools/go/callgraph.Node) bool,golang.org/x/tools/go/ssa,go1.18,golang.org,(*golang.org/x/tools/go/ssa.Function).String,String,func() string
github.com/picatz/taint/callgraphutil,go1.21,github.com,github.com/picatz/taint/callgraphutil.NewGraph,NewGraph,"func(root *golang.org/x/tools/go/ssa.Function, srcFns ...*golang.org/x/tools/go/ssa.Function) (*golang.org/x/tools/go/callgraph.Graph, error)",golang.org/x/tools/go/callgraph,go1.18,golang.org,(*golang.org/x/tools/go/callgraph.Graph).CreateNode,CreateNode,func(fn *golang.org/x/tools/go/ssa.Function) *golang.org/x/tools/go/callgraph.Node
github.com/picatz/taint/callgraphutil,go1.21,github.com,github.com/picatz/taint/callgraphutil.NewGraph,NewGraph,"func(root *golang.org/x/tools/go/ssa.Function, srcFns ...*golang.org/x/tools/go/ssa.Function) (*golang.org/x/tools/go/callgraph.Graph, error)",golang.org/x/tools/go/ssa/ssautil,go1.18,golang.org,golang.org/x/tools/go/ssa/ssautil.AllFunctions,AllFunctions,func(prog *golang.org/x/tools/go/ssa.Program) map[*golang.org/x/tools/go/ssa.Function]bool
github.com/picatz/taint/callgraphutil,go1.21,github.com,github.com/picatz/taint/callgraphutil.NewGraph,NewGraph,"func(root *golang.org/x/tools/go/ssa.Function, srcFns ...*golang.org/x/tools/go/ssa.Function) (*golang.org/x/tools/go/callgraph.Graph, error)",github.com/picatz/taint/callgraphutil,go1.21,github.com,github.com/picatz/taint/callgraphutil.AddFunction,AddFunction,"func(cg *golang.org/x/tools/go/callgraph.Graph, target *golang.org/x/tools/go/ssa.Function, allFns map[*golang.org/x/tools/go/ssa.Function]bool) error"
github.com/picatz/taint/callgraphutil,go1.21,github.com,github.com/picatz/taint/callgraphutil.NewGraph,NewGraph,"func(root *golang.org/x/tools/go/ssa.Function, srcFns ...*golang.org/x/tools/go/ssa.Function) (*golang.org/x/tools/go/callgraph.Graph, error)",fmt,go1.24.4,stdlib,fmt.Errorf,Errorf,"func(format string, a ...any) error"
github.com/picatz/taint/callgraphutil,go1.21,github.com,github.com/picatz/taint/callgraphutil.NewGraph,NewGraph,"func(root *golang.org/x/tools/go/ssa.Function, srcFns ...*golang.org/x/tools/go/ssa.Function) (*golang.org/x/tools/go/callgraph.Graph, error)",golang.org/x/tools/go/ssa,go1.18,golang.org,(*golang.org/x/tools/go/ssa.Function).DomPreorder,DomPreorder,func() []*golang.org/x/tools/go/ssa.BasicBlock
github.com/picatz/taint/callgraphutil,go1.21,github.com,github.com/picatz/taint/callgraphutil.NewGraph,NewGraph,"func(root *golang.org/x/tools/go/ssa.Function, srcFns ...*golang.org/x/tools/go/ssa.Function) (*golang.org/x/tools/go/callgraph.Graph, error)",github.com/picatz/taint/callgraphutil,go1.21,github.com,github.com/picatz/taint/callgraphutil.checkBlockInstruction,checkBlockInstruction,"func(root *golang.org/x/tools/go/ssa.Function, allFns map[*golang.org/x/tools/go/ssa.Function]bool, g *golang.org/x/tools/go/callgraph.Graph, fn *golang.org/x/tools/go/ssa.Function, instr golang.org/x/tools/go/ssa.Instruction) error"
github.com/picatz/taint/cmd/taint,go1.21,github.com,github.com/picatz/taint/cmd/taint.init$8,init$8,"func(ctx context.Context, bt *bufio.Writer, args []string, flags map[string]string) error",github.com/picatz/taint,go1.21,github.com,github.com/picatz/taint.NewSinks,NewSinks,func(sinkTypes ...string) github.com/picatz/taint.stringSet
github.com/picatz/taint/cmd/taint,go1.21,github.com,github.com/picatz/taint/cmd/taint.init$8,init$8,"func(ctx context.Context, bt *bufio.Writer, args []string, flags map[string]string) error",github.com/picatz/taint,go1.21,github.com,github.com/picatz/taint.Check,Check,"func(cg *golang.org/x/tools/go/callgraph.Graph, sources github.com/picatz/taint.stringSet, sinks github.com/picatz/taint.stringSet) github.com/picatz/taint.Results"
github.com/picatz/taint/cmd/taint,go1.21,github.com,github.com/picatz/taint/cmd/taint.init$8,init$8,"func(ctx context.Context, bt *bufio.Writer, args []string, flags map[string]string) error",github.com/picatz/taint,go1.21,github.com,github.com/picatz/taint.NewSources,NewSources,func(sourceTypes ...string) github.com/picatz/taint.stringSet
github.com/picatz/taint/cmd/taint,go1.21,github.com,github.com/picatz/taint/cmd/taint.init$8,init$8,"func(ctx context.Context, bt *bufio.Writer, args []string, flags map[string]string) error",github.com/picatz/taint/cmd/taint,go1.21,github.com,github.com/picatz/taint/cmd/taint.highlightNode,highlightNode,func(node string) string
github.com/picatz/taint/cmd/ssadump,go1.21,github.com,github.com/picatz/taint/cmd/ssadump.main,main,func(),context,go1.24.4,stdlib,context.Background,Background,func() context.Context
github.com/picatz/taint/cmd/ssadump,go1.21,github.com,github.com/picatz/taint/cmd/ssadump.main,main,func(),os/signal,go1.24.4,stdlib,os/signal.NotifyContext,NotifyContext,"func(parent context.Context, signals ...os.Signal) (ctx context.Context, stop context.CancelFunc)"
github.com/picatz/taint/cmd/ssadump,go1.21,github.com,github.com/picatz/taint/cmd/ssadump.main,main,func(),fmt,go1.24.4,stdlib,fmt.Fprintf,Fprintf,"func(w io.Writer, format string, a ...any) (n int, err error)"
github.com/picatz/taint/cmd/ssadump,go1.21,github.com,github.com/picatz/taint/cmd/ssadump.main,main,func(),os,go1.24.4,stdlib,os.Exit,Exit,func(code int)
github.com/picatz/taint/cmd/ssadump,go1.21,github.com,github.com/picatz/taint/cmd/ssadump.main,main,func(),os,go1.24.4,stdlib,os.Getwd,Getwd,"func() (dir string, err error)"
github.com/picatz/taint/cmd/ssadump,go1.21,github.com,github.com/picatz/taint/cmd/ssadump.main,main,func(),os,go1.24.4,stdlib,os.Environ,Environ,func() []string
github.com/picatz/taint/cmd/ssadump,go1.21,github.com,github.com/picatz/taint/cmd/ssadump.main,main,func(),golang.org/x/tools/go/packages,go1.18,golang.org,golang.org/x/tools/go/packages.Load,Load,"func(cfg *golang.org/x/tools/go/packages.Config, patterns ...string) ([]*golang.org/x/tools/go/packages.Package, error)"
github.com/picatz/taint/cmd/ssadump,go1.21,github.com,github.com/picatz/taint/cmd/ssadump.main,main,func(),golang.org/x/tools/go/packages,go1.18,golang.org,(golang.org/x/tools/go/packages.Error).Error,Error,func() string
github.com/picatz/taint/cmd/ssadump,go1.21,github.com,github.com/picatz/taint/cmd/ssadump.main,main,func(),golang.org/x/tools/go/ssa/ssautil,go1.18,golang.org,golang.org/x/tools/go/ssa/ssautil.Packages,Packages,"func(initial []*golang.org/x/tools/go/packages.Package, mode golang.org/x/tools/go/ssa.BuilderMode) (*golang.org/x/tools/go/ssa.Program, []*golang.org/x/tools/go/ssa.Package)"
github.com/picatz/taint/cmd/ssadump,go1.21,github.com,github.com/picatz/taint/cmd/ssadump.main,main,func(),golang.org/x/tools/go/ssa,go1.18,golang.org,(*golang.org/x/tools/go/ssa.Package).Build,Build,func()
github.com/picatz/taint/cmd/ssadump,go1.21,github.com,github.com/picatz/taint/cmd/ssadump.main,main,func(),golang.org/x/tools/go/ssa,go1.18,golang.org,(*golang.org/x/tools/go/ssa.Function).WriteTo,WriteTo,"func(w io.Writer) (int64, error)"
github.com/picatz/taint/log/injection,go1.21,github.com,github.com/picatz/taint/log/injection.imports,imports,"func(pass *golang.org/x/tools/go/analysis.Pass, pkgs ...string) bool",go/types,go1.24.4,stdlib,(*go/types.Package).Imports,Imports,func() []*go/types.Package
github.com/picatz/taint/log/injection,go1.21,github.com,github.com/picatz/taint/log/injection.imports,imports,"func(pass *golang.org/x/tools/go/analysis.Pass, pkgs ...string) bool",go/types,go1.24.4,stdlib,(*go/types.Package).Path,Path,func() string
github.com/picatz/taint/log/injection,go1.21,github.com,github.com/picatz/taint/log/injection.imports,imports,"func(pass *golang.org/x/tools/go/analysis.Pass, pkgs ...string) bool",strings,go1.24.4,stdlib,strings.HasSuffix,HasSuffix,"func(s string, suffix string) bool"
github.com/picatz/taint/cmd/taint,go1.21,github.com,github.com/picatz/taint/cmd/taint.init$6,init$6,"func(ctx context.Context, bt *bufio.Writer, args []string, flags map[string]string) error",github.com/picatz/taint/cmd/taint,go1.21,github.com,github.com/picatz/taint/cmd/taint.highlightNode,highlightNode,func(node string) string
github.com/picatz/taint/cmd/taint,go1.21,github.com,github.com/picatz/taint/cmd/taint.cloneRepository,cloneRepository,"func(ctx context.Context, repoURL string) (string, string, error)",net/url,go1.24.4,stdlib,net/url.Parse,Parse,"func(rawURL string) (*net/url.URL, error)"
github.com/picatz/taint/cmd/taint,go1.21,github.com,github.com/picatz/taint/cmd/taint.cloneRepository,cloneRepository,"func(ctx context.Context, repoURL string) (string, string, error)",fmt,go1.24.4,stdlib,fmt.Errorf,Errorf,"func(format string, a ...any) error"
github.com/picatz/taint/cmd/taint,go1.21,github.com,github.com/picatz/taint/cmd/taint.cloneRepository,cloneRepository,"func(ctx context.Context, repoURL string) (string, string, error)",strings,go1.24.4,stdlib,strings.Split,Split,"func(s string, sep string) []string"
github.com/picatz/taint/cmd/taint,go1.21,github.com,github.com/picatz/taint/cmd/taint.cloneRepository,cloneRepository,"func(ctx context.Context, repoURL string) (string, string, error)",os,go1.24.4,stdlib,os.TempDir,TempDir,func() string
github.com/picatz/taint/cmd/taint,go1.21,github.com,github.com/picatz/taint/cmd/taint.cloneRepository,cloneRepository,"func(ctx context.Context, repoURL string) (string, string, error)",path/filepath,go1.24.4,stdlib,path/filepath.Join,Join,func(elem ...string) string
github.com/picatz/taint/cmd/taint,go1.21,github.com,github.com/picatz/taint/cmd/taint.cloneRepository,cloneRepository,"func(ctx context.Context, repoURL string) (string, string, error)",os,go1.24.4,stdlib,os.Stat,Stat,"func(name string) (io/fs.FileInfo, error)"
github.com/picatz/taint/cmd/taint,go1.21,github.com,github.com/picatz/taint/cmd/taint.cloneRepository,cloneRepository,"func(ctx context.Context, repoURL string) (string, string, error)",github.com/go-git/go-git/v5,go1.19,github.com,github.com/go-git/go-git/v5.PlainOpen,PlainOpen,"func(path string) (*github.com/go-git/go-git/v5.Repository, error)"
github.com/picatz/taint/cmd/taint,go1.21,github.com,github.com/picatz/taint/cmd/taint.cloneRepository,cloneRepository,"func(ctx context.Context, repoURL string) (string, string, error)",github.com/go-git/go-git/v5,go1.19,github.com,(*github.com/go-git/go-git/v5.Repository).Head,Head,"func() (*github.com/go-git/go-git/v5/plumbing.Reference, error)"
github.com/picatz/taint/cmd/taint,go1.21,github.com,github.com/picatz/taint/cmd/taint.cloneRepository,cloneRepository,"func(ctx context.Context, repoURL string) (string, string, error)",github.com/go-git/go-git/v5/plumbing,go1.19,github.com,(*github.com/go-git/go-git/v5/plumbing.Reference).Hash,Hash,func() github.com/go-git/go-git/v5/plumbing.Hash
github.com/picatz/taint/cmd/taint,go1.21,github.com,github.com/picatz/taint/cmd/taint.cloneRepository,cloneRepository,"func(ctx context.Context, repoURL string) (string, string, error)",github.com/go-git/go-git/v5/plumbing,go1.19,github.com,(github.com/go-git/go-git/v5/plumbing.Hash).String,String,func() string
github.com/picatz/taint/cmd/taint,go1.21,github.com,github.com/picatz/taint/cmd/taint.cloneRepository,cloneRepository,"func(ctx context.Context, repoURL string) (string, string, error)",github.com/go-git/go-git/v5,go1.19,github.com,github.com/go-git/go-git/v5.PlainCloneContext,PlainCloneContext,"func(ctx context.Context, path string, isBare bool, o *github.com/go-git/go-git/v5.CloneOptions) (*github.com/go-git/go-git/v5.Repository, error)"
github.com/picatz/taint/xss,go1.21,github.com,github.com/picatz/taint/xss.run,run,"func(pass *golang.org/x/tools/go/analysis.Pass) (interface{}, error)",github.com/picatz/taint/callgraphutil,go1.21,github.com,github.com/picatz/taint/callgraphutil.NewGraph,NewGraph,"func(root *golang.org/x/tools/go/ssa.Function, srcFns ...*golang.org/x/tools/go/ssa.Function) (*golang.org/x/tools/go/callgraph.Graph, error)"
github.com/picatz/taint/xss,go1.21,github.com,github.com/picatz/taint/xss.run,run,"func(pass *golang.org/x/tools/go/analysis.Pass) (interface{}, error)",github.com/picatz/taint,go1.21,github.com,github.com/picatz/taint.Check,Check,"func(cg *golang.org/x/tools/go/callgraph.Graph, sources github.com/picatz/taint.stringSet, sinks github.com/picatz/taint.stringSet) github.com/picatz/taint.Results"
github.com/picatz/taint/xss,go1.21,github.com,github.com/picatz/taint/xss.run,run,"func(pass *golang.org/x/tools/go/analysis.Pass) (interface{}, error)",github.com/picatz/taint/xss,go1.21,github.com,github.com/picatz/taint/xss.imports,imports,"func(pass *golang.org/x/tools/go/analysis.Pass, pkgs ...string) bool"
github.com/picatz/taint/xss,go1.21,github.com,github.com/picatz/taint/xss.run,run,"func(pass *golang.org/x/tools/go/analysis.Pass) (interface{}, error)",golang.org/x/tools/go/ssa,go1.18,golang.org,(*golang.org/x/tools/go/ssa.Package).Func,Func,func(name string) (f *golang.org/x/tools/go/ssa.Function)
github.com/picatz/taint/xss,go1.21,github.com,github.com/picatz/taint/xss.run,run,"func(pass *golang.org/x/tools/go/analysis.Pass) (interface{}, error)",fmt,go1.24.4,stdlib,fmt.Errorf,Errorf,"func(format string, a ...any) error"
github.com/picatz/taint/xss,go1.21,github.com,github.com/picatz/taint/xss.run,run,"func(pass *golang.org/x/tools/go/analysis.Pass) (interface{}, error)",github.com/picatz/taint,go1.21,github.com,github.com/picatz/taint.WalkSSA,WalkSSA,"func(v golang.org/x/tools/go/ssa.Value, visit func(v golang.org/x/tools/go/ssa.Value) error) error"
github.com/picatz/taint/xss,go1.21,github.com,github.com/picatz/taint/xss.run,run,"func(pass *golang.org/x/tools/go/analysis.Pass) (interface{}, error)",golang.org/x/tools/go/analysis,go1.18,golang.org,(*golang.org/x/tools/go/analysis.Pass).Reportf,Reportf,"func(pos go/token.Pos, format string, args ...interface{})"
github.com/picatz/taint/cmd/sqli,go1.21,github.com,github.com/picatz/taint/cmd/sqli.main,main,func(),golang.org/x/tools/go/analysis/singlechecker,go1.18,golang.org,golang.org/x/tools/go/analysis/singlechecker.Main,Main,func(a *golang.org/x/tools/go/analysis.Analyzer)
github.com/picatz/taint/cmd/taint,go1.21,github.com,github.com/picatz/taint/cmd/taint.init,init,func(),github.com/picatz/taint/cmd/taint,go1.21,github.com,github.com/picatz/taint/cmd/taint.terminalWriteFn,terminalWriteFn,func(fn func(bt *bufio.Writer) error) github.com/picatz/taint/cmd/taint.commandFn
github.com/picatz/taint/cmd/taint,go1.21,github.com,github.com/picatz/taint/cmd/taint.init,init,func(),github.com/picatz/taint/cmd/taint,go1.21,github.com,github.com/picatz/taint/cmd/taint.errorCommandFn,errorCommandFn,func(err error) github.com/picatz/taint/cmd/taint.commandFn
github.com/picatz/taint/cmd/taint/example,go1.21,github.com,github.com/picatz/taint/cmd/taint/example.business,business,"func(db *database/sql.DB, q *string) error",github.com/picatz/taint/cmd/taint/example,go1.21,github.com,github.com/picatz/taint/cmd/taint/example.handle,handle,"func(db *database/sql.DB, q string)"
github.com/picatz/taint/cmd/taint,go1.21,github.com,github.com/picatz/taint/cmd/taint.startShell$1,startShell$1,"func(line string, pos int, key rune) (newLine string, newPos int, ok bool)",strings,go1.24.4,stdlib,strings.HasPrefix,HasPrefix,"func(s string, prefix string) bool"
github.com/picatz/taint/cmd/taint,go1.21,github.com,github.com/picatz/taint/cmd/taint.startShell$1,startShell$1,"func(line string, pos int, key rune) (newLine string, newPos int, ok bool)",strings,go1.24.4,stdlib,strings.TrimPrefix,TrimPrefix,"func(s string, prefix string) string"
github.com/picatz/taint/cmd/taint,go1.21,github.com,github.com/picatz/taint/cmd/taint.startShell$1,startShell$1,"func(line string, pos int, key rune) (newLine string, newPos int, ok bool)",os,go1.24.4,stdlib,os.Stat,Stat,"func(name string) (io/fs.FileInfo, error)"
github.com/picatz/taint/cmd/taint,go1.21,github.com,github.com/picatz/taint/cmd/taint.startShell$1,startShell$1,"func(line string, pos int, key rune) (newLine string, newPos int, ok bool)",os,go1.24.4,stdlib,os.IsNotExist,IsNotExist,func(err error) bool
github.com/picatz/taint/cmd/taint,go1.21,github.com,github.com/picatz/taint/cmd/taint.startShell$1,startShell$1,"func(line string, pos int, key rune) (newLine string, newPos int, ok bool)",strings,go1.24.4,stdlib,strings.TrimSuffix,TrimSuffix,"func(s string, suffix string) string"
github.com/picatz/taint/cmd/taint,go1.21,github.com,github.com/picatz/taint/cmd/taint.startShell$1,startShell$1,"func(line string, pos int, key rune) (newLine string, newPos int, ok bool)",path/filepath,go1.24.4,stdlib,path/filepath.Dir,Dir,func(path string) string
github.com/picatz/taint/cmd/taint,go1.21,github.com,github.com/picatz/taint/cmd/taint.startShell$1,startShell$1,"func(line string, pos int, key rune) (newLine string, newPos int, ok bool)",path/filepath,go1.24.4,stdlib,path/filepath.Base,Base,func(path string) string
github.com/picatz/taint/cmd/taint,go1.21,github.com,github.com/picatz/taint/cmd/taint.startShell$1,startShell$1,"func(line string, pos int, key rune) (newLine string, newPos int, ok bool)",os,go1.24.4,stdlib,os.Open,Open,"func(name string) (*os.File, error)"
github.com/picatz/taint/cmd/taint,go1.21,github.com,github.com/picatz/taint/cmd/taint.startShell$1,startShell$1,"func(line string, pos int, key rune) (newLine string, newPos int, ok bool)",os,go1.24.4,stdlib,(*os.File).Readdir,Readdir,"func(n int) ([]io/fs.FileInfo, error)"
github.com/picatz/taint/cmd/taint,go1.21,github.com,github.com/picatz/taint/cmd/taint.startShell$1,startShell$1,"func(line string, pos int, key rune) (newLine string, newPos int, ok bool)",os,go1.24.4,stdlib,(*os.File).Close,Close,func() error
github.com/picatz/taint/cmd/taint,go1.21,github.com,github.com/picatz/taint/cmd/taint.startShell$1,startShell$1,"func(line string, pos int, key rune) (newLine string, newPos int, ok bool)",path/filepath,go1.24.4,stdlib,path/filepath.Join,Join,func(elem ...string) string
github.com/picatz/taint/cmd/taint,go1.21,github.com,github.com/picatz/taint/cmd/taint.init$1,init$1,func(bt *bufio.Writer) error,github.com/picatz/taint/cmd/taint,go1.21,github.com,github.com/picatz/taint/cmd/taint.clearScreen,clearScreen,func(bt *bufio.Writer) error
net/http,go1.24.4,stdlib,(*net/http.ServeMux).HandleFunc,HandleFunc,"func(pattern string, handler func(net/http.ResponseWriter, *net/http.Request))",github.com/picatz/taint/cmd/taint/example,go1.21,github.com,github.com/picatz/taint/cmd/taint/example.main$1,main$1,"func(w net/http.ResponseWriter, r *net/http.Request)"
github.com/picatz/taint/callgraphutil,go1.21,github.com,github.com/picatz/taint/callgraphutil.PathSearch,PathSearch,"func(start *golang.org/x/tools/go/callgraph.Node, isMatch func(*golang.org/x/tools/go/callgraph.Node) bool) github.com/picatz/taint/callgraphutil.Path",github.com/picatz/taint/callgraphutil,go1.21,github.com,github.com/picatz/taint/callgraphutil.PathSearchCallTo$1,PathSearchCallTo$1,func(n *golang.org/x/tools/go/callgraph.Node) bool
github.com/picatz/taint,go1.21,github.com,github.com/picatz/taint.checkSSAValue,checkSSAValue,"func(path github.com/picatz/taint/callgraphutil.Path, sources github.com/picatz/taint.stringSet, v golang.org/x/tools/go/ssa.Value, visited github.com/picatz/taint.valueSet) (bool, string, golang.org/x/tools/go/ssa.Value)",github.com/picatz/taint,go1.21,github.com,github.com/picatz/taint.checkSSAValue,checkSSAValue,"func(path github.com/picatz/taint/callgraphutil.Path, sources github.com/picatz/taint.stringSet, v golang.org/x/tools/go/ssa.Value, visited github.com/picatz/taint.valueSet) (bool, string, golang.org/x/tools/go/ssa.Value)"
github.com/picatz/taint,go1.21,github.com,github.com/picatz/taint.checkSSAValue,checkSSAValue,"func(path github.com/picatz/taint/callgraphutil.Path, sources github.com/picatz/taint.stringSet, v golang.org/x/tools/go/ssa.Value, visited github.com/picatz/taint.valueSet) (bool, string, golang.org/x/tools/go/ssa.Value)",github.com/picatz/taint,go1.21,github.com,(github.com/picatz/taint.valueSet).includes,includes,func(sv golang.org/x/tools/go/ssa.Value) bool
github.com/picatz/taint,go1.21,github.com,github.com/picatz/taint.checkSSAValue,checkSSAValue,"func(path github.com/picatz/taint/callgraphutil.Path, sources github.com/picatz/taint.stringSet, v golang.org/x/tools/go/ssa.Value, visited github.com/picatz/taint.valueSet) (bool, string, golang.org/x/tools/go/ssa.Value)",github.com/picatz/taint,go1.21,github.com,(github.com/picatz/taint.valueSet).add,add,func(sv golang.org/x/tools/go/ssa.Value)
github.com/picatz/taint,go1.21,github.com,github.com/picatz/taint.checkSSAValue,checkSSAValue,"func(path github.com/picatz/taint/callgraphutil.Path, sources github.com/picatz/taint.stringSet, v golang.org/x/tools/go/ssa.Value, visited github.com/picatz/taint.valueSet) (bool, string, golang.org/x/tools/go/ssa.Value)",golang.org/x/tools/go/ssa,go1.18,golang.org,(*golang.org/x/tools/go/ssa.Parameter).Type,Type,func() go/types.Type
github.com/picatz/taint,go1.21,github.com,github.com/picatz/taint.checkSSAValue,checkSSAValue,"func(path github.com/picatz/taint/callgraphutil.Path, sources github.com/picatz/taint.stringSet, v golang.org/x/tools/go/ssa.Value, visited github.com/picatz/taint.valueSet) (bool, string, golang.org/x/tools/go/ssa.Value)",github.com/picatz/taint,go1.21,github.com,(github.com/picatz/taint.stringSet).includes,includes,"func(str string) (string, bool)"
github.com/picatz/taint,go1.21,github.com,github.com/picatz/taint.checkSSAValue,checkSSAValue,"func(path github.com/picatz/taint/callgraphutil.Path, sources github.com/picatz/taint.stringSet, v golang.org/x/tools/go/ssa.Value, visited github.com/picatz/taint.valueSet) (bool, string, golang.org/x/tools/go/ssa.Value)",golang.org/x/tools/go/ssa,go1.18,golang.org,(*golang.org/x/tools/go/ssa.Parameter).Referrers,Referrers,func() *[]golang.org/x/tools/go/ssa.Instruction
github.com/picatz/taint,go1.21,github.com,github.com/picatz/taint.checkSSAValue,checkSSAValue,"func(path github.com/picatz/taint/callgraphutil.Path, sources github.com/picatz/taint.stringSet, v golang.org/x/tools/go/ssa.Value, visited github.com/picatz/taint.valueSet) (bool, string, golang.org/x/tools/go/ssa.Value)",github.com/picatz/taint,go1.21,github.com,github.com/picatz/taint.checkSSAInstruction,checkSSAInstruction,"func(path github.com/picatz/taint/callgraphutil.Path, sources github.com/picatz/taint.stringSet, i golang.org/x/tools/go/ssa.Instruction, visited github.com/picatz/taint.valueSet) (bool, string, golang.org/x/tools/go/ssa.Value)"
github.com/picatz/taint,go1.21,github.com,github.com/picatz/taint.checkSSAValue,checkSSAValue,"func(path github.com/picatz/taint/callgraphutil.Path, sources github.com/picatz/taint.stringSet, v golang.org/x/tools/go/ssa.Value, visited github.com/picatz/taint.valueSet) (bool, string, golang.org/x/tools/go/ssa.Value)",unknown,go1.24.4,stdlib,(golang.org/x/tools/go/ssa.Value).Parent,Parent,func() *golang.org/x/tools/go/ssa.Function
github.com/picatz/taint,go1.21,github.com,github.com/picatz/taint.checkSSAValue,checkSSAValue,"func(path github.com/picatz/taint/callgraphutil.Path, sources github.com/picatz/taint.stringSet, v golang.org/x/tools/go/ssa.Value, visited github.com/picatz/taint.valueSet) (bool, string, golang.org/x/tools/go/ssa.Value)",golang.org/x/tools/go/ssa,go1.18,golang.org,(*golang.org/x/tools/go/ssa.Function).DomPreorder,DomPreorder,func() []*golang.org/x/tools/go/ssa.BasicBlock
github.com/picatz/taint,go1.21,github.com,github.com/picatz/taint.checkSSAValue,checkSSAValue,"func(path github.com/picatz/taint/callgraphutil.Path, sources github.com/picatz/taint.stringSet, v golang.org/x/tools/go/ssa.Value, visited github.com/picatz/taint.valueSet) (bool, string, golang.org/x/tools/go/ssa.Value)",golang.org/x/tools/go/ssa,go1.18,golang.org,(*golang.org/x/tools/go/ssa.Function).Pos,Pos,func() go/token.Pos
github.com/picatz/taint,go1.21,github.com,github.com/picatz/taint.checkSSAValue,checkSSAValue,"func(path github.com/picatz/taint/callgraphutil.Path, sources github.com/picatz/taint.stringSet, v golang.org/x/tools/go/ssa.Value, visited github.com/picatz/taint.valueSet) (bool, string, golang.org/x/tools/go/ssa.Value)",golang.org/x/tools/go/ssa,go1.18,golang.org,(*golang.org/x/tools/go/ssa.Alloc).Referrers,Referrers,func() *[]golang.org/x/tools/go/ssa.Instruction
github.com/picatz/taint,go1.21,github.com,github.com/picatz/taint.checkSSAValue,checkSSAValue,"func(path github.com/picatz/taint/callgraphutil.Path, sources github.com/picatz/taint.stringSet, v golang.org/x/tools/go/ssa.Value, visited github.com/picatz/taint.valueSet) (bool, string, golang.org/x/tools/go/ssa.Value)",golang.org/x/tools/go/ssa,go1.18,golang.org,(*golang.org/x/tools/go/ssa.FreeVar).Referrers,Referrers,func() *[]golang.org/x/tools/go/ssa.Instruction
github.com/picatz/taint,go1.21,github.com,github.com/picatz/taint.checkSSAValue,checkSSAValue,"func(path github.com/picatz/taint/callgraphutil.Path, sources github.com/picatz/taint.stringSet, v golang.org/x/tools/go/ssa.Value, visited github.com/picatz/taint.valueSet) (bool, string, golang.org/x/tools/go/ssa.Value)",golang.org/x/tools/go/ssa,go1.18,golang.org,(*golang.org/x/tools/go/ssa.FreeVar).Parent,Parent,func() *golang.org/x/tools/go/ssa.Function
github.com/picatz/taint,go1.21,github.com,github.com/picatz/taint.checkSSAValue,checkSSAValue,"func(path github.com/picatz/taint/callgraphutil.Path, sources github.com/picatz/taint.stringSet, v golang.org/x/tools/go/ssa.Value, visited github.com/picatz/taint.valueSet) (bool, string, golang.org/x/tools/go/ssa.Value)",golang.org/x/tools/go/ssa,go1.18,golang.org,(*golang.org/x/tools/go/ssa.Function).Parent,Parent,func() *golang.org/x/tools/go/ssa.Function
github.com/picatz/taint,go1.21,github.com,github.com/picatz/taint.checkSSAValue,checkSSAValue,"func(path github.com/picatz/taint/callgraphutil.Path, sources github.com/picatz/taint.stringSet, v golang.org/x/tools/go/ssa.Value, visited github.com/picatz/taint.valueSet) (bool, string, golang.org/x/tools/go/ssa.Value)",golang.org/x/tools/go/ssa,go1.18,golang.org,(*golang.org/x/tools/go/ssa.FreeVar).Name,Name,func() string
github.com/picatz/taint,go1.21,github.com,github.com/picatz/taint.checkSSAValue,checkSSAValue,"func(path github.com/picatz/taint/callgraphutil.Path, sources github.com/picatz/taint.stringSet, v golang.org/x/tools/go/ssa.Value, visited github.com/picatz/taint.valueSet) (bool, string, golang.org/x/tools/go/ssa.Value)",golang.org/x/tools/go/ssa,go1.18,golang.org,(*golang.org/x/tools/go/ssa.register).Referrers,Referrers,func() *[]golang.org/x/tools/go/ssa.Instruction
github.com/picatz/taint/cmd/taint,go1.21,github.com,github.com/picatz/taint/cmd/taint.clearScreen,clearScreen,func(bt *bufio.Writer) error,bufio,go1.24.4,stdlib,(*bufio.Writer).Write,Write,"func(p []byte) (nn int, err error)"
github.com/picatz/taint/cmd/taint,go1.21,github.com,github.com/picatz/taint/cmd/taint.clearScreen,clearScreen,func(bt *bufio.Writer) error,fmt,go1.24.4,stdlib,fmt.Errorf,Errorf,"func(format string, a ...any) error"
github.com/picatz/taint/cmd/taint,go1.21,github.com,github.com/picatz/taint/cmd/taint.clearScreen,clearScreen,func(bt *bufio.Writer) error,bufio,go1.24.4,stdlib,(*bufio.Writer).Flush,Flush,func() error
github.com/picatz/taint/cmd/ssadump,go1.21,github.com,github.com/picatz/taint/cmd/ssadump.main$1,main$1,"func(fset *go/token.FileSet, filename string, src []byte) (*go/ast.File, error)",go/parser,go1.24.4,stdlib,go/parser.ParseFile,ParseFile,"func(fset *go/token.FileSet, filename string, src any, mode go/parser.Mode) (f *go/ast.File, err error)"
github.com/picatz/taint/cmd/logi,go1.21,github.com,github.com/picatz/taint/cmd/logi.main,main,func(),golang.org/x/tools/go/analysis/singlechecker,go1.18,golang.org,golang.org/x/tools/go/analysis/singlechecker.Main,Main,func(a *golang.org/x/tools/go/analysis.Analyzer)
github.com/picatz/taint/cmd/taint,go1.21,github.com,github.com/picatz/taint/cmd/taint.makeRawTerminal,makeRawTerminal,"func() (*golang.org/x/term.Terminal, func(), error)",golang.org/x/term,go1.18,golang.org,golang.org/x/term.MakeRaw,MakeRaw,"func(fd int) (*golang.org/x/term.State, error)"
github.com/picatz/taint/cmd/taint,go1.21,github.com,github.com/picatz/taint/cmd/taint.makeRawTerminal,makeRawTerminal,"func() (*golang.org/x/term.Terminal, func(), error)",fmt,go1.24.4,stdlib,fmt.Errorf,Errorf,"func(format string, a ...any) error"
github.com/picatz/taint/cmd/taint,go1.21,github.com,github.com/picatz/taint/cmd/taint.makeRawTerminal,makeRawTerminal,"func() (*golang.org/x/term.Terminal, func(), error)",golang.org/x/term,go1.18,golang.org,golang.org/x/term.GetSize,GetSize,"func(fd int) (width int, height int, err error)"
github.com/picatz/taint/cmd/taint,go1.21,github.com,github.com/picatz/taint/cmd/taint.makeRawTerminal,makeRawTerminal,"func() (*golang.org/x/term.Terminal, func(), error)",golang.org/x/term,go1.18,golang.org,golang.org/x/term.NewTerminal,NewTerminal,"func(c io.ReadWriter, prompt string) *golang.org/x/term.Terminal"
github.com/picatz/taint/cmd/taint,go1.21,github.com,github.com/picatz/taint/cmd/taint.makeRawTerminal,makeRawTerminal,"func() (*golang.org/x/term.Terminal, func(), error)",golang.org/x/term,go1.18,golang.org,(*golang.org/x/term.Terminal).SetSize,SetSize,"func(width int, height int) error"
github.com/picatz/taint/cmd/taint,go1.21,github.com,github.com/picatz/taint/cmd/taint.init$7,init$7,"func(ctx context.Context, bt *bufio.Writer, args []string, flags map[string]string) error",github.com/picatz/taint/cmd/taint,go1.21,github.com,github.com/picatz/taint/cmd/taint.highlightNode,highlightNode,func(node string) string
github.com/picatz/taint/cmd/taint/example,go1.21,github.com,github.com/picatz/taint/cmd/taint/example.main$1,main$1,"func(w net/http.ResponseWriter, r *net/http.Request)",net/url,go1.24.4,stdlib,(*net/url.URL).Query,Query,func() net/url.Values
github.com/picatz/taint/cmd/taint/example,go1.21,github.com,github.com/picatz/taint/cmd/taint/example.main$1,main$1,"func(w net/http.ResponseWriter, r *net/http.Request)",github.com/picatz/taint/cmd/taint/example,go1.21,github.com,github.com/picatz/taint/cmd/taint/example.business,business,"func(db *database/sql.DB, q *string) error"
github.com/picatz/taint/cmd/xss,go1.21,github.com,github.com/picatz/taint/cmd/xss.main,main,func(),golang.org/x/tools/go/analysis/singlechecker,go1.18,golang.org,golang.org/x/tools/go/analysis/singlechecker.Main,Main,func(a *golang.org/x/tools/go/analysis.Analyzer)
github.com/picatz/taint/callgraphutil,go1.21,github.com,github.com/picatz/taint/callgraphutil.AddFunction,AddFunction,"func(cg *golang.org/x/tools/go/callgraph.Graph, target *golang.org/x/tools/go/ssa.Function, allFns map[*golang.org/x/tools/go/ssa.Function]bool) error",golang.org/x/tools/go/callgraph,go1.18,golang.org,(*golang.org/x/tools/go/callgraph.Graph).CreateNode,CreateNode,func(fn *golang.org/x/tools/go/ssa.Function) *golang.org/x/tools/go/callgraph.Node
github.com/picatz/taint/callgraphutil,go1.21,github.com,github.com/picatz/taint/callgraphutil.AddFunction,AddFunction,"func(cg *golang.org/x/tools/go/callgraph.Graph, target *golang.org/x/tools/go/ssa.Function, allFns map[*golang.org/x/tools/go/ssa.Function]bool) error",go/types,go1.24.4,stdlib,(*go/types.Signature).Recv,Recv,func() *go/types.Var
github.com/picatz/taint/callgraphutil,go1.21,github.com,github.com/picatz/taint/callgraphutil.AddFunction,AddFunction,"func(cg *golang.org/x/tools/go/callgraph.Graph, target *golang.org/x/tools/go/ssa.Function, allFns map[*golang.org/x/tools/go/ssa.Function]bool) error",go/types,go1.24.4,stdlib,(*go/types.object).Type,Type,func() go/types.Type
github.com/picatz/taint/callgraphutil,go1.21,github.com,github.com/picatz/taint/callgraphutil.AddFunction,AddFunction,"func(cg *golang.org/x/tools/go/callgraph.Graph, target *golang.org/x/tools/go/ssa.Function, allFns map[*golang.org/x/tools/go/ssa.Function]bool) error",golang.org/x/tools/go/ssa/ssautil,go1.18,golang.org,golang.org/x/tools/go/ssa/ssautil.AllFunctions,AllFunctions,func(prog *golang.org/x/tools/go/ssa.Program) map[*golang.org/x/tools/go/ssa.Function]bool
github.com/picatz/taint/callgraphutil,go1.21,github.com,github.com/picatz/taint/callgraphutil.AddFunction,AddFunction,"func(cg *golang.org/x/tools/go/callgraph.Graph, target *golang.org/x/tools/go/ssa.Function, allFns map[*golang.org/x/tools/go/ssa.Function]bool) error",golang.org/x/tools/go/ssa,go1.18,golang.org,(*golang.org/x/tools/go/ssa.Function).DomPreorder,DomPreorder,func() []*golang.org/x/tools/go/ssa.BasicBlock
github.com/picatz/taint/callgraphutil,go1.21,github.com,github.com/picatz/taint/callgraphutil.AddFunction,AddFunction,"func(cg *golang.org/x/tools/go/callgraph.Graph, target *golang.org/x/tools/go/ssa.Function, allFns map[*golang.org/x/tools/go/ssa.Function]bool) error",go/types,go1.24.4,stdlib,go/types.Identical,Identical,"func(x go/types.Type, y go/types.Type) bool"
github.com/picatz/taint/callgraphutil,go1.21,github.com,github.com/picatz/taint/callgraphutil.AddFunction,AddFunction,"func(cg *golang.org/x/tools/go/callgraph.Graph, target *golang.org/x/tools/go/ssa.Function, allFns map[*golang.org/x/tools/go/ssa.Function]bool) error",go/types,go1.24.4,stdlib,(*go/types.Pointer).Elem,Elem,func() go/types.Type
github.com/picatz/taint/callgraphutil,go1.21,github.com,github.com/picatz/taint/callgraphutil.AddFunction,AddFunction,"func(cg *golang.org/x/tools/go/callgraph.Graph, target *golang.org/x/tools/go/ssa.Function, allFns map[*golang.org/x/tools/go/ssa.Function]bool) error",golang.org/x/tools/go/callgraph,go1.18,golang.org,golang.org/x/tools/go/callgraph.AddEdge,AddEdge,"func(caller *golang.org/x/tools/go/callgraph.Node, site golang.org/x/tools/go/ssa.CallInstruction, callee *golang.org/x/tools/go/callgraph.Node)"
github.com/picatz/taint,go1.21,github.com,github.com/picatz/taint.walkSSA,walkSSA,"func(v golang.org/x/tools/go/ssa.Value, visit func(v golang.org/x/tools/go/ssa.Value) error, visited github.com/picatz/taint.valueSet) error",github.com/picatz/taint,go1.21,github.com,github.com/picatz/taint.walkSSA,walkSSA,"func(v golang.org/x/tools/go/ssa.Value, visit func(v golang.org/x/tools/go/ssa.Value) error, visited github.com/picatz/taint.valueSet) error"
github.com/picatz/taint,go1.21,github.com,github.com/picatz/taint.walkSSA,walkSSA,"func(v golang.org/x/tools/go/ssa.Value, visit func(v golang.org/x/tools/go/ssa.Value) error, visited github.com/picatz/taint.valueSet) error",github.com/picatz/taint,go1.21,github.com,(github.com/picatz/taint.valueSet).includes,includes,func(sv golang.org/x/tools/go/ssa.Value) bool
github.com/picatz/taint,go1.21,github.com,github.com/picatz/taint.walkSSA,walkSSA,"func(v golang.org/x/tools/go/ssa.Value, visit func(v golang.org/x/tools/go/ssa.Value) error, visited github.com/picatz/taint.valueSet) error",github.com/picatz/taint,go1.21,github.com,(github.com/picatz/taint.valueSet).add,add,func(sv golang.org/x/tools/go/ssa.Value)
github.com/picatz/taint,go1.21,github.com,github.com/picatz/taint.walkSSA,walkSSA,"func(v golang.org/x/tools/go/ssa.Value, visit func(v golang.org/x/tools/go/ssa.Value) error, visited github.com/picatz/taint.valueSet) error",golang.org/x/tools/go/ssa,go1.18,golang.org,(*golang.org/x/tools/go/ssa.Call).Operands,Operands,func(rands []*golang.org/x/tools/go/ssa.Value) []*golang.org/x/tools/go/ssa.Value
github.com/picatz/taint,go1.21,github.com,github.com/picatz/taint.walkSSA,walkSSA,"func(v golang.org/x/tools/go/ssa.Value, visit func(v golang.org/x/tools/go/ssa.Value) error, visited github.com/picatz/taint.valueSet) error",golang.org/x/tools/go/ssa,go1.18,golang.org,(*golang.org/x/tools/go/ssa.Call).Common,Common,func() *golang.org/x/tools/go/ssa.CallCommon
github.com/picatz/taint,go1.21,github.com,github.com/picatz/taint.walkSSA,walkSSA,"func(v golang.org/x/tools/go/ssa.Value, visit func(v golang.org/x/tools/go/ssa.Value) error, visited github.com/picatz/taint.valueSet) error",golang.org/x/tools/go/ssa,go1.18,golang.org,(*golang.org/x/tools/go/ssa.CallCommon).IsInvoke,IsInvoke,func() bool
github.com/picatz/taint,go1.21,github.com,github.com/picatz/taint.walkSSA,walkSSA,"func(v golang.org/x/tools/go/ssa.Value, visit func(v golang.org/x/tools/go/ssa.Value) error, visited github.com/picatz/taint.valueSet) error",unknown,go1.24.4,stdlib,(golang.org/x/tools/go/ssa.Value).Referrers,Referrers,func() *[]golang.org/x/tools/go/ssa.Instruction
github.com/picatz/taint/callgraphutil,go1.21,github.com,github.com/picatz/taint/callgraphutil.PathsSearchCallTo$1,PathsSearchCallTo$1,func(n *golang.org/x/tools/go/callgraph.Node) bool,golang.org/x/tools/go/ssa,go1.18,golang.org,(*golang.org/x/tools/go/ssa.Function).String,String,func() string
github.com/picatz/taint/cmd/taint,go1.21,github.com,github.com/picatz/taint/cmd/taint.startShell,startShell,func(ctx context.Context) error,github.com/picatz/taint/cmd/taint,go1.21,github.com,github.com/picatz/taint/cmd/taint.makeRawTerminal,makeRawTerminal,"func() (*golang.org/x/term.Terminal, func(), error)"
github.com/picatz/taint/cmd/taint,go1.21,github.com,github.com/picatz/taint/cmd/taint.startShell,startShell,func(ctx context.Context) error,bufio,go1.24.4,stdlib,bufio.NewWriter,NewWriter,func(w io.Writer) *bufio.Writer
github.com/picatz/taint/cmd/taint,go1.21,github.com,github.com/picatz/taint/cmd/taint.startShell,startShell,func(ctx context.Context) error,github.com/charmbracelet/lipgloss,go1.17,github.com,(github.com/charmbracelet/lipgloss.Style).Render,Render,func(strs ...string) string
github.com/picatz/taint/cmd/taint,go1.21,github.com,github.com/picatz/taint/cmd/taint.startShell,startShell,func(ctx context.Context) error,bufio,go1.24.4,stdlib,(*bufio.Writer).WriteString,WriteString,"func(s string) (int, error)"
github.com/picatz/taint/cmd/taint,go1.21,github.com,github.com/picatz/taint/cmd/taint.startShell,startShell,func(ctx context.Context) error,github.com/picatz/taint/cmd/taint,go1.21,github.com,(github.com/picatz/taint/cmd/taint.commands).help,help,func() string
github.com/picatz/taint/cmd/taint,go1.21,github.com,github.com/picatz/taint/cmd/taint.startShell,startShell,func(ctx context.Context) error,bufio,go1.24.4,stdlib,(*bufio.Writer).Flush,Flush,func() error
github.com/picatz/taint/cmd/taint,go1.21,github.com,github.com/picatz/taint/cmd/taint.startShell,startShell,func(ctx context.Context) error,golang.org/x/term,go1.18,golang.org,(*golang.org/x/term.Terminal).ReadLine,ReadLine,"func() (line string, err error)"
github.com/picatz/taint/cmd/taint,go1.21,github.com,github.com/picatz/taint/cmd/taint.startShell,startShell,func(ctx context.Context) error,github.com/picatz/taint/cmd/taint,go1.21,github.com,(github.com/picatz/taint/cmd/taint.commands).eval,eval,"func(ctx context.Context, bt *bufio.Writer, input string) error"
github.com/picatz/taint/xss,go1.21,github.com,github.com/picatz/taint/xss.init,init,func(),github.com/picatz/taint,go1.21,github.com,github.com/picatz/taint.NewSinks,NewSinks,func(sinkTypes ...string) github.com/picatz/taint.stringSet
github.com/picatz/taint/xss,go1.21,github.com,github.com/picatz/taint/xss.init,init,func(),github.com/picatz/taint,go1.21,github.com,github.com/picatz/taint.NewSources,NewSources,func(sourceTypes ...string) github.com/picatz/taint.stringSet
github.com/picatz/taint/cmd/taint/example,go1.21,github.com,github.com/picatz/taint/cmd/taint/example.handle,handle,"func(db *database/sql.DB, q string)",database/sql,go1.24.4,stdlib,(*database/sql.DB).Query,Query,"func(query string, args ...any) (*database/sql.Rows, error)"
github.com/picatz/taint,go1.21,github.com,github.com/picatz/taint.checkPath,checkPath,"func(path github.com/picatz/taint/callgraphutil.Path, sources github.com/picatz/taint.stringSet) (bool, string, golang.org/x/tools/go/ssa.Value)",github.com/picatz/taint,go1.21,github.com,github.com/picatz/taint.checkSSAValue,checkSSAValue,"func(path github.com/picatz/taint/callgraphutil.Path, sources github.com/picatz/taint.stringSet, v golang.org/x/tools/go/ssa.Value, visited github.com/picatz/taint.valueSet) (bool, string, golang.org/x/tools/go/ssa.Value)"
github.com/picatz/taint,go1.21,github.com,github.com/picatz/taint.checkPath,checkPath,"func(path github.com/picatz/taint/callgraphutil.Path, sources github.com/picatz/taint.stringSet) (bool, string, golang.org/x/tools/go/ssa.Value)",github.com/picatz/taint/callgraphutil,go1.21,github.com,(github.com/picatz/taint/callgraphutil.Path).Empty,Empty,func() bool
github.com/picatz/taint,go1.21,github.com,github.com/picatz/taint.checkPath,checkPath,"func(path github.com/picatz/taint/callgraphutil.Path, sources github.com/picatz/taint.stringSet) (bool, string, golang.org/x/tools/go/ssa.Value)",github.com/picatz/taint/callgraphutil,go1.21,github.com,(github.com/picatz/taint/callgraphutil.Path).Last,Last,func() *golang.org/x/tools/go/callgraph.Edge
github.com/picatz/taint/xss,go1.21,github.com,github.com/picatz/taint/xss.imports,imports,"func(pass *golang.org/x/tools/go/analysis.Pass, pkgs ...string) bool",go/types,go1.24.4,stdlib,(*go/types.Package).Imports,Imports,func() []*go/types.Package
github.com/picatz/taint/xss,go1.21,github.com,github.com/picatz/taint/xss.imports,imports,"func(pass *golang.org/x/tools/go/analysis.Pass, pkgs ...string) bool",go/types,go1.24.4,stdlib,(*go/types.Package).Path,Path,func() string
github.com/picatz/taint/xss,go1.21,github.com,github.com/picatz/taint/xss.imports,imports,"func(pass *golang.org/x/tools/go/analysis.Pass, pkgs ...string) bool",strings,go1.24.4,stdlib,strings.HasSuffix,HasSuffix,"func(s string, suffix string) bool"
github.com/picatz/taint/callgraphutil,go1.21,github.com,github.com/picatz/taint/callgraphutil.WriteDOT,WriteDOT,"func(w io.Writer, g *golang.org/x/tools/go/callgraph.Graph) error",bufio,go1.24.4,stdlib,bufio.NewWriter,NewWriter,func(w io.Writer) *bufio.Writer
github.com/picatz/taint/callgraphutil,go1.21,github.com,github.com/picatz/taint/callgraphutil.WriteDOT,WriteDOT,"func(w io.Writer, g *golang.org/x/tools/go/callgraph.Graph) error",bufio,go1.24.4,stdlib,(*bufio.Writer).WriteString,WriteString,"func(s string) (int, error)"
github.com/picatz/taint/callgraphutil,go1.21,github.com,github.com/picatz/taint/callgraphutil.WriteDOT,WriteDOT,"func(w io.Writer, g *golang.org/x/tools/go/callgraph.Graph) error",fmt,go1.24.4,stdlib,fmt.Sprintf,Sprintf,"func(format string, a ...any) string"
github.com/picatz/taint/callgraphutil,go1.21,github.com,github.com/picatz/taint/callgraphutil.WriteDOT,WriteDOT,"func(w io.Writer, g *golang.org/x/tools/go/callgraph.Graph) error",github.com/picatz/taint/callgraphutil,go1.21,github.com,github.com/picatz/taint/callgraphutil.WriteDOT$1,WriteDOT$1,func(n *golang.org/x/tools/go/callgraph.Node)
github.com/picatz/taint/callgraphutil,go1.21,github.com,github.com/picatz/taint/callgraphutil.WriteDOT,WriteDOT,"func(w io.Writer, g *golang.org/x/tools/go/callgraph.Graph) error",strings,go1.24.4,stdlib,strings.Replace,Replace,"func(s string, old string, new string, n int) string"
github.com/picatz/taint/cmd/taint,go1.21,github.com,github.com/picatz/taint/cmd/taint.makeRawTerminal$1,makeRawTerminal$1,func(),golang.org/x/term,go1.18,golang.org,golang.org/x/term.Restore,Restore,"func(fd int, oldState *golang.org/x/term.State) error"
github.com/picatz/taint/log/injection,go1.21,github.com,github.com/picatz/taint/log/injection.init,init,func(),github.com/picatz/taint,go1.21,github.com,github.com/picatz/taint.NewSinks,NewSinks,func(sinkTypes ...string) github.com/picatz/taint.stringSet
github.com/picatz/taint/log/injection,go1.21,github.com,github.com/picatz/taint/log/injection.init,init,func(),github.com/picatz/taint,go1.21,github.com,github.com/picatz/taint.NewSources,NewSources,func(sourceTypes ...string) github.com/picatz/taint.stringSet
github.com/picatz/taint/sql/injection,go1.21,github.com,github.com/picatz/taint/sql/injection.run,run,"func(pass *golang.org/x/tools/go/analysis.Pass) (interface{}, error)",github.com/picatz/taint/callgraphutil,go1.21,github.com,github.com/picatz/taint/callgraphutil.NewGraph,NewGraph,"func(root *golang.org/x/tools/go/ssa.Function, srcFns ...*golang.org/x/tools/go/ssa.Function) (*golang.org/x/tools/go/callgraph.Graph, error)"
github.com/picatz/taint/sql/injection,go1.21,github.com,github.com/picatz/taint/sql/injection.run,run,"func(pass *golang.org/x/tools/go/analysis.Pass) (interface{}, error)",github.com/picatz/taint,go1.21,github.com,github.com/picatz/taint.Check,Check,"func(cg *golang.org/x/tools/go/callgraph.Graph, sources github.com/picatz/taint.stringSet, sinks github.com/picatz/taint.stringSet) github.com/picatz/taint.Results"
github.com/picatz/taint/sql/injection,go1.21,github.com,github.com/picatz/taint/sql/injection.run,run,"func(pass *golang.org/x/tools/go/analysis.Pass) (interface{}, error)",github.com/picatz/taint/sql/injection,go1.21,github.com,github.com/picatz/taint/sql/injection.imports,imports,"func(pass *golang.org/x/tools/go/analysis.Pass, pkgs ...string) bool"
github.com/picatz/taint/sql/injection,go1.21,github.com,github.com/picatz/taint/sql/injection.run,run,"func(pass *golang.org/x/tools/go/analysis.Pass) (interface{}, error)",golang.org/x/tools/go/ssa,go1.18,golang.org,(*golang.org/x/tools/go/ssa.Package).Func,Func,func(name string) (f *golang.org/x/tools/go/ssa.Function)
github.com/picatz/taint/sql/injection,go1.21,github.com,github.com/picatz/taint/sql/injection.run,run,"func(pass *golang.org/x/tools/go/analysis.Pass) (interface{}, error)",fmt,go1.24.4,stdlib,fmt.Errorf,Errorf,"func(format string, a ...any) error"
github.com/picatz/taint/sql/injection,go1.21,github.com,github.com/picatz/taint/sql/injection.run,run,"func(pass *golang.org/x/tools/go/analysis.Pass) (interface{}, error)",strings,go1.24.4,stdlib,strings.HasPrefix,HasPrefix,"func(s string, prefix string) bool"
github.com/picatz/taint/sql/injection,go1.21,github.com,github.com/picatz/taint/sql/injection.run,run,"func(pass *golang.org/x/tools/go/analysis.Pass) (interface{}, error)",golang.org/x/tools/go/analysis,go1.18,golang.org,(*golang.org/x/tools/go/analysis.Pass).Reportf,Reportf,"func(pos go/token.Pos, format string, args ...interface{})"
github.com/picatz/taint/cmd/taint,go1.21,github.com,github.com/picatz/taint/cmd/taint.init$4,init$4,"func(ctx context.Context, bt *bufio.Writer, args []string, flags map[string]string) error",github.com/picatz/taint/callgraphutil,go1.21,github.com,github.com/picatz/taint/callgraphutil.GraphString,GraphString,func(g *golang.org/x/tools/go/callgraph.Graph) string
github.com/picatz/taint/callgraphutil,go1.21,github.com,github.com/picatz/taint/callgraphutil.WriteCosmograph,WriteCosmograph,"func(graph io.Writer, metadata io.Writer, g *golang.org/x/tools/go/callgraph.Graph) error",encoding/csv,go1.24.4,stdlib,encoding/csv.NewWriter,NewWriter,func(w io.Writer) *encoding/csv.Writer
github.com/picatz/taint/callgraphutil,go1.21,github.com,github.com/picatz/taint/callgraphutil.WriteCosmograph,WriteCosmograph,"func(graph io.Writer, metadata io.Writer, g *golang.org/x/tools/go/callgraph.Graph) error",encoding/csv,go1.24.4,stdlib,(*encoding/csv.Writer).Write,Write,func(record []string) error
github.com/picatz/taint/callgraphutil,go1.21,github.com,github.com/picatz/taint/callgraphutil.WriteCosmograph,WriteCosmograph,"func(graph io.Writer, metadata io.Writer, g *golang.org/x/tools/go/callgraph.Graph) error",fmt,go1.24.4,stdlib,fmt.Errorf,Errorf,"func(format string, a ...any) error"
github.com/picatz/taint/callgraphutil,go1.21,github.com,github.com/picatz/taint/callgraphutil.WriteCosmograph,WriteCosmograph,"func(graph io.Writer, metadata io.Writer, g *golang.org/x/tools/go/callgraph.Graph) error",go/types,go1.24.4,stdlib,(*go/types.Package).Path,Path,func() string
github.com/picatz/taint/callgraphutil,go1.21,github.com,github.com/picatz/taint/callgraphutil.WriteCosmograph,WriteCosmograph,"func(graph io.Writer, metadata io.Writer, g *golang.org/x/tools/go/callgraph.Graph) error",fmt,go1.24.4,stdlib,fmt.Sprintf,Sprintf,"func(format string, a ...any) string"
github.com/picatz/taint/callgraphutil,go1.21,github.com,github.com/picatz/taint/callgraphutil.WriteCosmograph,WriteCosmograph,"func(graph io.Writer, metadata io.Writer, g *golang.org/x/tools/go/callgraph.Graph) error",golang.org/x/tools/go/ssa,go1.18,golang.org,(*golang.org/x/tools/go/ssa.Function).String,String,func() string
github.com/picatz/taint,go1.21,github.com,github.com/picatz/taint.checkSSAInstruction,checkSSAInstruction,"func(path github.com/picatz/taint/callgraphutil.Path, sources github.com/picatz/taint.stringSet, i golang.org/x/tools/go/ssa.Instruction, visited github.com/picatz/taint.valueSet) (bool, string, golang.org/x/tools/go/ssa.Value)",github.com/picatz/taint,go1.21,github.com,github.com/picatz/taint.checkSSAValue,checkSSAValue,"func(path github.com/picatz/taint/callgraphutil.Path, sources github.com/picatz/taint.stringSet, v golang.org/x/tools/go/ssa.Value, visited github.com/picatz/taint.valueSet) (bool, string, golang.org/x/tools/go/ssa.Value)"
github.com/picatz/taint,go1.21,github.com,github.com/picatz/taint.checkSSAInstruction,checkSSAInstruction,"func(path github.com/picatz/taint/callgraphutil.Path, sources github.com/picatz/taint.stringSet, i golang.org/x/tools/go/ssa.Instruction, visited github.com/picatz/taint.valueSet) (bool, string, golang.org/x/tools/go/ssa.Value)",golang.org/x/tools/go/ssa,go1.18,golang.org,(*golang.org/x/tools/go/ssa.Call).Operands,Operands,func(rands []*golang.org/x/tools/go/ssa.Value) []*golang.org/x/tools/go/ssa.Value
github.com/picatz/taint/callgraphutil,go1.21,github.com,github.com/picatz/taint/callgraphutil.GraphString,GraphString,func(g *golang.org/x/tools/go/callgraph.Graph) string,fmt,go1.24.4,stdlib,fmt.Fprintf,Fprintf,"func(w io.Writer, format string, a ...any) (n int, err error)"
github.com/picatz/taint/callgraphutil,go1.21,github.com,github.com/picatz/taint/callgraphutil.GraphString,GraphString,func(g *golang.org/x/tools/go/callgraph.Graph) string,bytes,go1.24.4,stdlib,(*bytes.Buffer).String,String,func() string
github.com/picatz/taint/sql/injection,go1.21,github.com,github.com/picatz/taint/sql/injection.imports,imports,"func(pass *golang.org/x/tools/go/analysis.Pass, pkgs ...string) bool",go/types,go1.24.4,stdlib,(*go/types.Package).Imports,Imports,func() []*go/types.Package
github.com/picatz/taint/sql/injection,go1.21,github.com,github.com/picatz/taint/sql/injection.imports,imports,"func(pass *golang.org/x/tools/go/analysis.Pass, pkgs ...string) bool",go/types,go1.24.4,stdlib,(*go/types.Package).Path,Path,func() string
github.com/picatz/taint/sql/injection,go1.21,github.com,github.com/picatz/taint/sql/injection.imports,imports,"func(pass *golang.org/x/tools/go/analysis.Pass, pkgs ...string) bool",strings,go1.24.4,stdlib,strings.HasSuffix,HasSuffix,"func(s string, suffix string) bool"
github.com/picatz/taint/cmd/taint,go1.21,github.com,github.com/picatz/taint/cmd/taint.main,main,func(),context,go1.24.4,stdlib,context.Background,Background,func() context.Context
github.com/picatz/taint/cmd/taint,go1.21,github.com,github.com/picatz/taint/cmd/taint.main,main,func(),os/signal,go1.24.4,stdlib,os/signal.NotifyContext,NotifyContext,"func(parent context.Context, signals ...os.Signal) (ctx context.Context, stop context.CancelFunc)"
github.com/picatz/taint/cmd/taint,go1.21,github.com,github.com/picatz/taint/cmd/taint.main,main,func(),github.com/picatz/taint/cmd/taint,go1.21,github.com,github.com/picatz/taint/cmd/taint.startShell,startShell,func(ctx context.Context) error
github.com/picatz/taint/cmd/taint,go1.21,github.com,github.com/picatz/taint/cmd/taint.main,main,func(),os,go1.24.4,stdlib,os.Exit,Exit,func(code int)
github.com/picatz/taint/cmd/taint,go1.21,github.com,github.com/picatz/taint/cmd/taint.main,main,func(),fmt,go1.24.4,stdlib,fmt.Fprintf,Fprintf,"func(w io.Writer, format string, a ...any) (n int, err error)"
github.com/picatz/taint,go1.21,github.com,github.com/picatz/taint.Check,Check,"func(cg *golang.org/x/tools/go/callgraph.Graph, sources github.com/picatz/taint.stringSet, sinks github.com/picatz/taint.stringSet) github.com/picatz/taint.Results",github.com/picatz/taint/callgraphutil,go1.21,github.com,github.com/picatz/taint/callgraphutil.PathsSearchCallTo,PathsSearchCallTo,"func(start *golang.org/x/tools/go/callgraph.Node, fn string) github.com/picatz/taint/callgraphutil.Paths"
github.com/picatz/taint,go1.21,github.com,github.com/picatz/taint.Check,Check,"func(cg *golang.org/x/tools/go/callgraph.Graph, sources github.com/picatz/taint.stringSet, sinks github.com/picatz/taint.stringSet) github.com/picatz/taint.Results",github.com/picatz/taint/callgraphutil,go1.21,github.com,(github.com/picatz/taint/callgraphutil.Path).Empty,Empty,func() bool
github.com/picatz/taint,go1.21,github.com,github.com/picatz/taint.Check,Check,"func(cg *golang.org/x/tools/go/callgraph.Graph, sources github.com/picatz/taint.stringSet, sinks github.com/picatz/taint.stringSet) github.com/picatz/taint.Results",github.com/picatz/taint,go1.21,github.com,github.com/picatz/taint.checkPath,checkPath,"func(path github.com/picatz/taint/callgraphutil.Path, sources github.com/picatz/taint.stringSet) (bool, string, golang.org/x/tools/go/ssa.Value)"
github.com/picatz/taint,go1.21,github.com,github.com/picatz/taint.Check,Check,"func(cg *golang.org/x/tools/go/callgraph.Graph, sources github.com/picatz/taint.stringSet, sinks github.com/picatz/taint.stringSet) github.com/picatz/taint.Results",github.com/picatz/taint/callgraphutil,go1.21,github.com,(github.com/picatz/taint/callgraphutil.Path).Last,Last,func() *golang.org/x/tools/go/callgraph.Edge
github.com/picatz/taint,go1.21,github.com,github.com/picatz/taint.Check,Check,"func(cg *golang.org/x/tools/go/callgraph.Graph, sources github.com/picatz/taint.stringSet, sinks github.com/picatz/taint.stringSet) github.com/picatz/taint.Results",golang.org/x/tools/go/callgraph,go1.18,golang.org,(*golang.org/x/tools/go/callgraph.Node).String,String,func() string
github.com/picatz/taint/callgraphutil,go1.21,github.com,github.com/picatz/taint/callgraphutil.NewVulncheckCallGraph,NewVulncheckCallGraph,"func(ctx context.Context, prog *golang.org/x/tools/go/ssa.Program, entries []*golang.org/x/tools/go/ssa.Function) (*golang.org/x/tools/go/callgraph.Graph, error)",unknown,go1.24.4,stdlib,(context.Context).Err,Err,func() error
github.com/picatz/taint/callgraphutil,go1.21,github.com,github.com/picatz/taint/callgraphutil.NewVulncheckCallGraph,NewVulncheckCallGraph,"func(ctx context.Context, prog *golang.org/x/tools/go/ssa.Program, entries []*golang.org/x/tools/go/ssa.Function) (*golang.org/x/tools/go/callgraph.Graph, error)",golang.org/x/tools/go/callgraph/cha,go1.18,golang.org,golang.org/x/tools/go/callgraph/cha.CallGraph,CallGraph,func(prog *golang.org/x/tools/go/ssa.Program) *golang.org/x/tools/go/callgraph.Graph
github.com/picatz/taint/callgraphutil,go1.21,github.com,github.com/picatz/taint/callgraphutil.NewVulncheckCallGraph,NewVulncheckCallGraph,"func(ctx context.Context, prog *golang.org/x/tools/go/ssa.Program, entries []*golang.org/x/tools/go/ssa.Function) (*golang.org/x/tools/go/callgraph.Graph, error)",golang.org/x/tools/go/ssa/ssautil,go1.18,golang.org,golang.org/x/tools/go/ssa/ssautil.AllFunctions,AllFunctions,func(prog *golang.org/x/tools/go/ssa.Program) map[*golang.org/x/tools/go/ssa.Function]bool
github.com/picatz/taint/callgraphutil,go1.21,github.com,github.com/picatz/taint/callgraphutil.NewVulncheckCallGraph,NewVulncheckCallGraph,"func(ctx context.Context, prog *golang.org/x/tools/go/ssa.Program, entries []*golang.org/x/tools/go/ssa.Function) (*golang.org/x/tools/go/callgraph.Graph, error)",github.com/picatz/taint/callgraphutil,go1.21,github.com,github.com/picatz/taint/callgraphutil.forwardSlice,forwardSlice,"func(sources map[*golang.org/x/tools/go/ssa.Function]bool, cg *golang.org/x/tools/go/callgraph.Graph) map[*golang.org/x/tools/go/ssa.Function]bool"
github.com/picatz/taint/callgraphutil,go1.21,github.com,github.com/picatz/taint/callgraphutil.NewVulncheckCallGraph,NewVulncheckCallGraph,"func(ctx context.Context, prog *golang.org/x/tools/go/ssa.Program, entries []*golang.org/x/tools/go/ssa.Function) (*golang.org/x/tools/go/callgraph.Graph, error)",github.com/picatz/taint/callgraphutil,go1.21,github.com,github.com/picatz/taint/callgraphutil.pruneSet,pruneSet,"func(set map[*golang.org/x/tools/go/ssa.Function]bool, toPrune map[*golang.org/x/tools/go/ssa.Function]bool)"
github.com/picatz/taint/callgraphutil,go1.21,github.com,github.com/picatz/taint/callgraphutil.NewVulncheckCallGraph,NewVulncheckCallGraph,"func(ctx context.Context, prog *golang.org/x/tools/go/ssa.Program, entries []*golang.org/x/tools/go/ssa.Function) (*golang.org/x/tools/go/callgraph.Graph, error)",unknown,go1.24.4,stdlib,(context.Context).Err,Err,func() error
github.com/picatz/taint/callgraphutil,go1.21,github.com,github.com/picatz/taint/callgraphutil.NewVulncheckCallGraph,NewVulncheckCallGraph,"func(ctx context.Context, prog *golang.org/x/tools/go/ssa.Program, entries []*golang.org/x/tools/go/ssa.Function) (*golang.org/x/tools/go/callgraph.Graph, error)",golang.org/x/tools/go/callgraph/vta,go1.18,golang.org,golang.org/x/tools/go/callgraph/vta.CallGraph,CallGraph,"func(funcs map[*golang.org/x/tools/go/ssa.Function]bool, initial *golang.org/x/tools/go/callgraph.Graph) *golang.org/x/tools/go/callgraph.Graph"
github.com/picatz/taint/callgraphutil,go1.21,github.com,github.com/picatz/taint/callgraphutil.NewVulncheckCallGraph,NewVulncheckCallGraph,"func(ctx context.Context, prog *golang.org/x/tools/go/ssa.Program, entries []*golang.org/x/tools/go/ssa.Function) (*golang.org/x/tools/go/callgraph.Graph, error)",unknown,go1.24.4,stdlib,(context.Context).Err,Err,func() error
github.com/picatz/taint/callgraphutil,go1.21,github.com,github.com/picatz/taint/callgraphutil.NewVulncheckCallGraph,NewVulncheckCallGraph,"func(ctx context.Context, prog *golang.org/x/tools/go/ssa.Program, entries []*golang.org/x/tools/go/ssa.Function) (*golang.org/x/tools/go/callgraph.Graph, error)",golang.org/x/tools/go/callgraph,go1.18,golang.org,(*golang.org/x/tools/go/callgraph.Graph).DeleteSyntheticNodes,DeleteSyntheticNodes,func()
github.com/picatz/taint/callgraphutil,go1.21,github.com,github.com/picatz/taint/callgraphutil.PathsSearchCallTo,PathsSearchCallTo,"func(start *golang.org/x/tools/go/callgraph.Node, fn string) github.com/picatz/taint/callgraphutil.Paths",github.com/picatz/taint/callgraphutil,go1.21,github.com,github.com/picatz/taint/callgraphutil.PathsSearch,PathsSearch,"func(start *golang.org/x/tools/go/callgraph.Node, isMatch func(*golang.org/x/tools/go/callgraph.Node) bool) github.com/picatz/taint/callgraphutil.Paths"
github.com/picatz/taint/sql/injection,go1.21,github.com,github.com/picatz/taint/sql/injection.init,init,func(),github.com/picatz/taint,go1.21,github.com,github.com/picatz/taint.NewSinks,NewSinks,func(sinkTypes ...string) github.com/picatz/taint.stringSet
github.com/picatz/taint/sql/injection,go1.21,github.com,github.com/picatz/taint/sql/injection.init,init,func(),github.com/picatz/taint,go1.21,github.com,github.com/picatz/taint.NewSources,NewSources,func(sourceTypes ...string) github.com/picatz/taint.stringSet
github.com/picatz/taint/callgraphutil,go1.21,github.com,github.com/picatz/taint/callgraphutil.WriteCSV,WriteCSV,"func(w io.Writer, g *golang.org/x/tools/go/callgraph.Graph) error",encoding/csv,go1.24.4,stdlib,encoding/csv.NewWriter,NewWriter,func(w io.Writer) *encoding/csv.Writer
github.com/picatz/taint/callgraphutil,go1.21,github.com,github.com/picatz/taint/callgraphutil.WriteCSV,WriteCSV,"func(w io.Writer, g *golang.org/x/tools/go/callgraph.Graph) error",encoding/csv,go1.24.4,stdlib,(*encoding/csv.Writer).Write,Write,func(record []string) error
github.com/picatz/taint/callgraphutil,go1.21,github.com,github.com/picatz/taint/callgraphutil.WriteCSV,WriteCSV,"func(w io.Writer, g *golang.org/x/tools/go/callgraph.Graph) error",fmt,go1.24.4,stdlib,fmt.Errorf,Errorf,"func(format string, a ...any) error"
github.com/picatz/taint/callgraphutil,go1.21,github.com,github.com/picatz/taint/callgraphutil.WriteCSV,WriteCSV,"func(w io.Writer, g *golang.org/x/tools/go/callgraph.Graph) error",github.com/picatz/taint/callgraphutil,go1.21,github.com,github.com/picatz/taint/callgraphutil.getNodeInfo,getNodeInfo,"func(n *golang.org/x/tools/go/callgraph.Node) (*github.com/picatz/taint/callgraphutil.nodeInfo, error)"
github.com/picatz/taint/callgraphutil,go1.21,github.com,github.com/picatz/taint/callgraphutil.WriteCSV,WriteCSV,"func(w io.Writer, g *golang.org/x/tools/go/callgraph.Graph) error",github.com/picatz/taint/callgraphutil,go1.21,github.com,(*github.com/picatz/taint/callgraphutil.nodeInfo).CSV,CSV,func() []string
github.com/picatz/taint,go1.21,github.com,github.com/picatz/taint.WalkSSA,WalkSSA,"func(v golang.org/x/tools/go/ssa.Value, visit func(v golang.org/x/tools/go/ssa.Value) error) error",github.com/picatz/taint,go1.21,github.com,github.com/picatz/taint.walkSSA,walkSSA,"func(v golang.org/x/tools/go/ssa.Value, visit func(v golang.org/x/tools/go/ssa.Value) error, visited github.com/picatz/taint.valueSet) error"
github.com/picatz/taint,go1.21,github.com,github.com/picatz/taint.WalkSSA,WalkSSA,"func(v golang.org/x/tools/go/ssa.Value, visit func(v golang.org/x/tools/go/ssa.Value) error) error",github.com/picatz/taint/xss,go1.21,github.com,github.com/picatz/taint/xss.run$1,run$1,func(v golang.org/x/tools/go/ssa.Value) error
